{
    "HOWARD_BEACH": {
        "Monday": "6:00AM - 2:00PM",
        "Tuesday": "6:00AM - 7:30PM",
        "Wednesday": "6:30AM - 7:00PM",
        "Thursday": "6:00AM - 7:30PM",
        "Friday": "6:30AM - 6:00PM",
        "Saturday": "CLOSED",
        "Sunday": "6:00AM - 7:30PM"
    },
    "JAMAICA": {
        "Monday": "7:30AM - 8:00PM",
        "Tuesday": "7:00AM - 8:30PM",
        "Wednesday": "7:30AM - 8:00PM",
        "Thursday": "7:00AM - 8:30PM",
        "Friday": "7:30AM - 7:00PM",
        "Saturday": "CLOSED",
        "Sunday": "7:00AM - 8:30PM"
    },
    "FLATBUSH": {
        "Monday": "8:00AM - 6:30PM",
        "Tuesday": "8:30AM - 6:00PM",
        "Wednesday": "8:00AM - 6:30PM",
        "Thursday": "8:30AM - 6:00PM",
        "Friday": "8:00AM - 5:30PM",
        "Saturday": "CLOSED",
        "Sunday": "8:30AM - 6:00PM"
    },
    "PARKCHESTER": {
        "Monday": "9:00AM - 7:30PM",
        "Tuesday": "9:30AM - 7:00PM",
        "Wednesday": "9:00AM - 7:30PM",
        "Thursday": "9:30AM - 7:00PM",
        "Friday": "9:00AM - 6:30PM",
        "Saturday": "CLOSED",
        "Sunday": "9:30AM - 7:00PM"
    },
    "MELROSE": {
        "Monday": "10:00AM - 8:30PM",
        "Tuesday": "10:30AM - 8:00PM",
        "Wednesday": "10:00AM - 8:30PM",
        "Thursday": "10:30AM - 8:00PM",
        "Friday": "10:00AM - 7:30PM",
        "Saturday": "CLOSED",
        "Sunday": "10:30AM - 8:00PM"
    },
    "CLINTON_HILL": {
        "Monday": "11:00AM - 9:30PM",
        "Tuesday": "11:30AM - 9:00PM",
        "Wednesday": "11:00AM - 9:30PM",
        "Thursday": "11:30AM - 9:00PM",
        "Friday": "11:00AM - 8:30PM",
        "Saturday": "CLOSED",
        "Sunday": "11:30AM - 9:00PM"
    },
    "BROWNSVILLE": {
        "Monday": "12:00PM - 10:30PM",
        "Tuesday": "12:30PM - 10:00PM",
        "Wednesday": "12:00PM - 10:30PM",
        "Thursday": "12:30PM - 10:00PM",
        "Friday": "12:00PM - 9:30PM",
        "Saturday": "CLOSED",
        "Sunday": "12:30PM - 10:00PM"
    },
    "FT_PIERCE": {
        "Monday": "8:00AM - 6:30PM",
        "Tuesday": "8:30AM - 6:00PM",
        "Wednesday": "8:00AM - 6:30PM",
        "Thursday": "8:30AM - 6:00PM",
        "Friday": "8:00AM - 5:30PM",
        "Saturday": "CLOSED",
        "Sunday": "8:30AM - 6:00PM"
    }
}
